id,category,urdu_text,english_translation,context_urdu,context_english,question_urdu,question_english,expected_interpretation_urdu,expected_interpretation_english
1,Sarcasm,???? ??? ??? ??? ?? ??? ??!,"Wow, you arrived right on time!",??? ??? ????? ??? ?? ?????? ?? ??????,Ali arrived one hour late for the meeting.,????? ???? ??? ??? ??? ???? ????? ???,What does the speaker actually mean?,??? ??? ??? ?? ??? ???,Ali arrived very late.
2,Sarcasm,?? ?? ?? ??? ?? ??? ??? ?? ??? ??? ?? ???? ????,You're amazing; you always do everything on time.,???? ?? ???? ??? ????? ??? ?? ??? ??? ???????,Ahmed submitted his work after the deadline.,?? ???? ?? ??? ???? ??? ???,What does this sentence actually mean?,???? ???? ??? ?? ??? ???? ?????,Ahmed does not complete his work on time.
3,Sarcasm,??? ???! ?? ??? ?????? ?? ????? ?? ???? ? ????,Well done! You came again without preparing for the exam.,???? ??? ?????? ???? ??? ???? ?? ?? ???? ????? ???? ???,The student came for the exam without preparing at all.,????? ???? ???? ??? ?? ???? ??? ??? ???? ????? ???,What does the speaker mean about the student?,???? ??? ?? ?????? ?? ????? ???? ???,The student did not prepare for the exam.
4,Sarcasm,???? ??? ????? ?? ?? ???? ???!,"Wow, what a clean room!",???? ??? ???? ??? ?????? ?? ??? ????? ???? ????,Clothes and books are scattered all over the room.,????? ???? ????? ?? ???? ??? ??? ???? ?? ??? ???,What does the speaker mean about the cleanliness?,???? ??? ???? ???,The room is very messy.
5,Sarcasm,?? ?? ??? ?????? ??? ??? ??? ????? ???,Asking you for help is quite an experience.,???? ?? ??? ??? ??? ????? ???? ??? ???? ??? ???? ????,Sarah asked for help several times but received no help.,?? ???? ?? ??? ??? ??? ???? ???,What does the speaker actually mean?,???? ?? ??? ???? ??? ??? ?? ????? ???,Sarah did not receive help and is disappointed.
6,Sarcasm,?????! ?? ?? ?? ????? ??? ??? ???? ?? ????,Well done! You have made the problem even easier.,???? ?? ????? ?? ???? ?? ????? ??? ???? ?????? ?? ????,Hamza made the problem more complicated instead of solving it.,????? ???? ??? ???? ????? ???,What does the speaker mean?,???? ?? ????? ???? ???? ?? ????,Hamza made the problem worse.
7,Sarcasm,??? ??? ??? ?? ?? ?? ?? ??? ??? ????? ??? ?? ??!,"Amazing, today you were only three hours late!",???? ????? ??? ?? ??? ????? ??? ??????,Zainab arrived three hours after the scheduled time.,?? ???? ?? ??? ???? ??? ???,What does this sentence actually mean?,???? ??? ??? ?? ????? ???,Zainab arrived very late.
8,Sarcasm,?? ?? ??????? ?? ???? ?? ??? ?? ?? ??? ??? ???? ????,Your memory is amazing; you even forgot what happened yesterday.,??? ???? ???? ?? ?? ???? ???? ?? ??? ??? ???? ???? ????,A friend forgot a promise he made just the previous day.,????? ???? ??? ???? ?? ??? ???,What does the speaker mean?,???? ??? ?????? ???? ???,The friend is very forgetful.
9,Sarcasm,??? ???? ????? ???? ?? ????? ??? ???? ????,It was a very good decision; now we have seen the result too.,??? ??? ????? ?? ??? ?? ????? ???? ?? ????,A problem occurred because of a poor decision.,????? ???? ????? ?? ???? ??? ??? ???? ????? ???,What does the speaker mean about the decision?,????? ???? ???? ??? ??? ?? ?? ????? ??? ?????,The decision was not good and led to a bad result.
10,Sarcasm,???? ???? ?????? ?? ?? ??? ?? ??? ???!,"Wow, it is so quiet that my ears hurt!",??? ???? ??? ??? ??? ??? ?? ????? ?? ??? ????,People are talking very loudly in a room.,????? ???? ??? ??? ??? ???? ????? ???,What does the speaker actually mean?,???? ??? ??? ??? ???,The room is very noisy.
11,Culturally Implicit,?? ?? ???? ???,It is up to you.,?????? ???? ???? ???? ?? ??? ???? ????? ??? ?? ???? ???? ????,Parents leave the final decision to their child after giving their opinion.,?? ???? ?? ?????? ??? ???? ?? ?? ???? ???,What might this response imply?,????? ?? ??? ????? ???? ????? ???? ???? ???? ??? ?? ???? ???? ???,"You can make the decision yourself, but the speaker may not fully agree."
12,Culturally Implicit,???? ?? ???? ???????,As you think is best.,?? ????? ??? ?????? ?? ??? ?? ??? ??? ??? ??? ??? ????? ?? ????? ???? ???? ???,Two people are discussing a plan and one lets the other decide.,?? ???? ?? ???? ???? ??? ?? ???? ???,What might this response implicitly mean?,?? ????? ????? ????? ????? ???? ???? ???? ??? ?? ???? ???? ???,"You decide, although the speaker may not fully agree."
13,Culturally Implicit,???? ??? ????? ???? ????,"It's okay, leave it.",??? ??? ?? ???? ?? ??? ???? ?? ??? ???? ???? ?? ???? ??? ???? ???? ??????,A friend was hurt by someone's behavior but does not want to argue further.,????? ???? ??? ??? ??? ????? ?? ???? ???,What might the speaker actually be feeling?,??? ??? ??? ?? ???? ?? ??? ?? ???? ???? ?????? ??????,The speaker is hurt but does not want to continue the discussion.
14,Culturally Implicit,?? ?? ??? ????? ???? ??? ?? ???,You seem very busy these days.,??? ???? ?? ??? ????? ?? ??? ?? ?????? ???? ???,A friend has not called or met them for several weeks.,?? ???? ?? ??? ????? ???? ???,What does this sentence imply?,????? ???? ???? ?? ??? ?? ?? ???? ?? ????? ???? ????,The speaker is indirectly complaining that the friend has not stayed in touch.
15,Culturally Implicit,???? ????? ??? ??? ? ???? ?????,You should visit our home sometime.,??? ???? ??? ???? ???? ?? ??? ???? ????,A relative has not visited the family for a long time.,????? ???? ??? ????? ???,What does the speaker want?,?? ????? ?? ?? ???? ??? ?? ?? ??? ????,The speaker wants the relative to visit their home.
16,Culturally Implicit,?? ??? ?????,Just pray for me.,??? ??? ?? ?? ?? ???? ????? ?? ???? ??? ????? ????,Someone was asked about their difficult circumstances.,?? ???? ?? ??? ???? ???,What does this response imply?,????? ???? ??? ??? ?? ?????? ?? ????? ?? ??????? ?? ??? ???,"The situation is difficult, and the speaker is asking others to pray for them."
17,Culturally Implicit,???? ???? ??? ???,God will make things better.,??? ?????? ?? ?????? ?? ???? ??? ??? ????? ??????? ?? ????? ???,A family is facing an uncertain situation about the future.,?? ???? ?? ??? ???? ???? ???,What does this response indicate?,??????? ??? ????? ?? ???? ?? ??? ????? ???? ???? ???? ?? ??? ???,"The situation is uncertain or difficult, and the speaker is expressing hope."
18,Culturally Implicit,?? ?? ???? ???? ????,Why did you go to the trouble?,??? ????? ?????? ?? ??? ???? ?? ?? ??? ???,A guest has brought a gift for the host.,????? ???? ????? ??? ??? ???? ?? ??? ???,What does the speaker actually mean?,??? ???? ???? ???? ???? ?? ???? ??? ?? ??? ??? ?? ?? ?? ?? ????? ???? ????,The speaker appreciates the gift but politely says it was unnecessary.
19,Culturally Implicit,???? ?????? ????,Let's see for now.,??? ?? ??? ???? ??? ???? ?? ???? ??? ????? ???? ??????,Someone was asked to immediately confirm attendance at an invitation.,?? ???? ?? ????? ???? ??? ???,What might this response mean?,????? ???? ???? ???? ???? ???? ???? ??????,The speaker does not want to give a final answer yet.
20,Culturally Implicit,??? ????? ?? ????? ?? ?? ????? ???,I will consult my family and let you know.,??? ??? ?? ??? ??? ???? ????? ?? ???? ??? ????? ???? ????? ????,Someone was asked to immediately respond about an important personal decision.,?? ???? ?? ??? ???? ?? ???? ???,What might this response imply?,?? ????? ????? ???? ???? ????? ?? ???? ???? ???? ???? ???? ??????,The speaker does not want to decide alone or give a final answer yet.
21,Indirect Meaning,???? ???? ???? ?? ??? ???,It is quite hot here.,???? ??? ???? ?? ??? ????? ??? ???,The room is hot and the fan is off.,????? ???? ???????? ??? ?? ??? ????? ???,What does the speaker indirectly want?,?? ????? ?? ?? ????? ?? ?? ?? ????? ?????,The speaker wants the fan or AC to be turned on.
22,Indirect Meaning,???? ?? ?? ???? ?? ??? ?? ??? ???,It seems like it is tea time.,?? ???? ???? ??? ?? ???? ?? ????? ?? ??? ????,Two friends have been sitting and talking for a long time.,????? ???? ??? ????? ?? ??? ???,What is the speaker hinting at?,?? ???? ???? ?? ???? ????? ?? ????? ?? ??? ???,The speaker is suggesting having or making tea.
23,Indirect Meaning,?? ???? ??? ??? ???? ???,I have an early morning tomorrow.,??? ???? ??? ??? ?? ?????? ?? ??? ??? ???,A friend wants to stay up late.,????? ???? ???????? ??? ?? ??? ???? ????? ???,What does the speaker indirectly mean?,?? ????? ??? ???? ???? ??????,The speaker does not want to stay late.
24,Indirect Meaning,??? ?? ???? ??? ??? ?? ??? ???,A lot of work has piled up on the desk.,??? ????? ?? ??? ?? ??? ?? ?????? ??? ????? ???,An employee has a lot of unfinished work on their desk.,????? ???? ??? ????? ?? ??? ???,What is the speaker hinting at?,??? ??? ???? ???? ?? ??? ??? ?? ??? ?? ????? ???,The speaker needs time or help to complete the work.
25,Indirect Meaning,???? ???? ?? ??? ???? ??????,Maybe we should go home now.,???? ??? ?????? ?? ??? ??? ????? ???? ????,The friends have been sitting in one place for several hours.,????? ???? ??? ????? ???,What does the speaker want?,?? ???? ?? ??? ?? ??? ???? ????? ???,The speaker wants to leave and go home.
26,Indirect Meaning,???? ??? ??????? ??? ???? ???? ???,My phone is almost dead.,??? ??? ?? ??? ?? ????? ??? ?? ?? ??? ??? ???? ??? ???? ???,A person's phone battery is very low and they need to make a call.,????? ???? ???????? ??? ?? ??? ????? ???,What does the speaker indirectly want?,?? ??? ???? ???? ????? ?? ?? ????? ???? ??? ???,The speaker wants to charge the phone or is asking for a charger.
27,Indirect Meaning,????? ???? ???? ?? ???? ???? ?????,It might feel better if the window were open.,???? ??? ??? ???? ? ??? ??? ????? ??? ???,There is no airflow in the room and the window is closed.,????? ???? ??? ????? ???,What does the speaker want?,?? ????? ?? ?? ????? ???? ?? ?????,The speaker wants the window to be opened.
28,Indirect Meaning,?? ??? ???? ????? ???,I have to wake up early tomorrow.,??? ?? ???? ???? ??? ????? ???? ????? ????? ???,A friend wants to continue talking late at night.,????? ???? ??? ????? ?? ??? ???,What is the speaker hinting at?,?? ????? ??? ???? ???? ????? ???,The speaker wants to end the conversation and go to sleep.
29,Indirect Meaning,?? ????? ?? ??? ??? ???? ????,There was nothing special to eat today.,??? ??? ?? ????? ????? ???? ??? ????? ???? ???? ????,A person ate the food but did not like it.,?? ???? ?? ??? ???? ?? ?? ???? ???,What might this sentence imply?,??? ????? ???? ???? ????,The speaker did not like the food.
30,Indirect Meaning,?? ?? ??? ??? ??? ?? ?? ??? ??? ????,"If you have time, I have something for you to do.",??? ??? ???? ????? ?? ??? ???? ????? ???,A person wants help from their colleague.,????? ???? ???????? ??? ?? ??? ????? ???,What does the speaker indirectly want?,?? ????? ?? ??? ??? ??? ??? ???? ????? ???,The speaker wants the colleague's help with a task.
